timestamp;hashtag;trackterm;count
1572216439000;#100daysforwarren;warren;4
1572210481000;#13thdistrictstrong;trump;18
1572212695000;#abubakralbaghdadi;trump;144
1572210531000;#abu;trump;2
1572214730000;#al_baghdadi;trump;2
1572208776000;#allroadsleadtoputin;trump;6
1572213231000;#allroadsseemtoleadtoputin;trump;2
1572214461000;#amas;trump;9
1572210541000;#american;trump;2
1572205540000;#amjoy;election2020;9
1572212085000;#arkmidnight;trump;11
1572214693000;#art;trump;2
1572214123000;#australian;sanders;2
1572206704000;#baghadi;trump;6
1572204731000;#bbsuomi;trump;3
1572212482000;#bernie;sanders;11
1572214252000;#berniesanders;sanders;31
1572211604000;#berniesquad;trump;4
1572213070000;#billmaher;trump;12
1572213634000;#cannabis;sanders;4
1572210972000;#cbsnews;election2020;7
1572208918000;#chicago;warren;3
1572214129000;#contribute;election2020;2
1572212046000;#coward;trump;2
1572206379000;#criminalcomey;trump;3
1572215303000;#cuba;trump;3
1572207306000;#deaş;trump;2
1572205588000;#democrats;trump;15
1572205307000;#deplorables;trump;3
1572204776000;#detroit;election2020;3
1572214665000;#dew;trump;2
1572215629000;#donald;trump;9
1572206062000;#donaldtrump;trump;83
1572211110000;#enoughisenough;trump;2
1572205332000;#estadoislámico;trump;7
1572207126000;#evangelicals;trump;2
1572207000000;#evnews;trump;2
1572213820000;#extortion;trump;2
1572206265000;#freedom;trump;2
1572212061000;#godblessamerica;trump;3
1572207056000;#gop;trump;9
1572207584000;#greennewdeal;sanders;7
1572205274000;#healthcare;election2020;5
1572213479000;#imcrying;sanders;2
1572211172000;#impeachmentindrag;trump;3
1572209985000;#impeachmentinquiry;trump;6
1572206336000;#impeachthemftraitor;trump;4
1572215040000;#impeachtrumpforenriching;trump;2
1572210109000;#impeachtrump;trump;90
1572215736000;#isis;election2020;8
1572206523000;#istandwithilhan;trump;2
1572204537000;#joeblowhardbiden;trump;2
1572216786000;#justiceaward;trump;2
1572216168000;#k9unit;trump;2
1572215515000;#kag;trump;49
1572206359000;#koya;trump;3
1572206047000;#kpop;trump;2
1572206102000;#kypol;election2020;5
1572209035000;#latinosforbernie;sanders;4
1572209105000;#lionelnation;election2020;5
1572210136000;#losangeles;trump;2
1572205620000;#m4a;election2020;6
1572206398000;#maga;election2020;2
1572205277000;#maga;trump;90
1572210326000;#michigan;sanders;7
1572208989000;#mypresident;warren;9
1572203643000;#nancypelosi;trump;4
1572212870000;#nbcnews;election2020;7
1572214784000;#new;trump;103
1572205416000;#nobodyknowsitbetter;trump;2
1572204187000;#pentagon;trump;3
1572208885000;#photojournalist;warren;3
1572205447000;#podcast;trump;2
1572212873000;#polonia;trump;2
1572210104000;#presidementia;trump;71
1572211094000;#presidentobama;trump;2
1572204421000;#putinsusefulidiot;trump;2
1572211966000;#redbubble;trump;2
1572206120000;#resistance;trump;6
1572214693000;#resist;trump;13
1572213222000;#rojava;trump;8
1572213222000;#sdf;trump;3
1572216743000;#sharethebern;sanders;32
1572203553000;#smartnews;trump;59
1572213581000;#stochasticterrorism;trump;2
1572206542000;#sundaymotivation;trump;3
1572212044000;#sundaythoughts;warren;3
1572216733000;#syria;trump;32
1572206319000;#terroriste;trump;3
1572203767000;#thebestpresidentever45;trump;3
1572207027000;#thepresidentiswipinghisbuttwiththeusconstitution;trump;4
1572207392000;#thesquad;sanders;8
1572211604000;#thesquad;trump;3
1572215251000;#topbuzz;trump;7
1572213764000;#traitortot;trump;2
1572214376000;#trump2020landslide;trump;3
1572212184000;#trumpgenocide2019;trump;2
1572204833000;#trumpisapsychopath;trump;6
1572216422000;#trumplandslide2020;trump;4
1572216262000;#trumpnotwelcomeworldseries;trump;8
1572208214000;#trumppresser;trump;28
1572204463000;#trumpracist;trump;3
1572209775000;#trumprussia;trump;7
1572204792000;#tulsigabbard;election2020;2
1572205416000;#twitterkurds;trump;3
1572213058000;#ukrainegate;biden;3
1572207760000;#unfittobepresident;trump;2
1572211206000;#us;trump;18
1572215188000;#walkaway;election2020;6
1572209142000;#walkawayfromdemocrats;trump;5
1572206339000;#walkaway;trump;6
1572213255000;#wapodeathnotices;trump;74
1572206075000;#warren2020;trump;6
1572207203000;#world;trump;4
1572205135000;#yeswecan;election2020;8
1572213658000;#yg;trump;38
1572205674000;#ypj;trump;3
1572215749000;#البغدادي;trump;18
1572216305000;#25thamendmentnow;trump;8
1572204600000;#9news;election2020;10
1572205540000;#abcnews;election2020;7
1572209704000;#aboubakralbaghdadi;election2020;2
1572210539000;#albadghadi;trump;4
1572215802000;#albaghdadi;trump;1496
1572211945000;#amjoy;trump;3
1572212266000;#astros;trump;2
1572215336000;#auspol;election2020;3
1572206888000;#baghdadi;election2020;13
1572205474000;#bannon;trump;2
1572212441000;#bbcnewsten;trump;2
1572205257000;#bbcnews;trump;2
1572212470000;#benedictcollege;sanders;2
1572211604000;#berniebeatstrump;trump;12
1572216182000;#bernieblackout;trump;4
1572209922000;#bernieorbust;trump;3
1572211604000;#bernieyellsforus;trump;2
1572214419000;#biden2020;trump;2
1572204050000;#biden;trump;4
1572204342000;#bolsonaroestamoscontigo;trump;2
1572212571000;#bootrump;trump;3
1572212819000;#chef;trump;2
1572206407000;#clarity;trump;2
1572206253000;#collusion;trump;4
1572215633000;#ctl;trump;2
1572203400000;#daesh;trump;32
1572211787000;#democratshateamerica;trump;5
1572205498000;#democrat;trump;3
1572213783000;#detroit;sanders;56
1572215751000;#detroit;trump;3
1572207909000;#devilrats;trump;2
1572210426000;#diedlikeadog;trump;2
1572203749000;#ditchmitch;election2020;5
1572214348000;#donaldsdegreeisfake;trump;11
1572215827000;#dontletthedoorhityouintheass;trump;2
1572205864000;#dragraceuk;trump;54
1572211016000;#drainingtheswamp;trump;4
1572209972000;#dudegottago;trump;26
1572203974000;#election2020;warren;5
1572215960000;#enelmundo;trump;2
1572210345000;#enterate;trump;3
1572204604000;#featured;trump;2
1572208934000;#feedly;trump;7
1572216695000;#feeltheberniesanders;sanders;2
1572205274000;#fjg;election2020;5
1572207007000;#gavinnewsom;trump;2
1572211420000;#giletsjaunes;election2020;6
1572208642000;#gossip;trump;2
1572206069000;#hawler;trump;3
1572211583000;#healthcare;sanders;3
1572205918000;#heros;trump;4
1572210743000;#hottake;trump;3
1572215456000;#icantbewithsomeonewho;sanders;11
1572206147000;#idiot;trump;2
1572206985000;#imafraud;trump;4
1572208044000;#impeachthemf;trump;25
1572216150000;#inequality;sanders;2
1572208654000;#ireallyamthisstupid;trump;4
1572214018000;#is;trump;4
1572216456000;#itrustbernie;sanders;2
1572211429000;#ivankatrump;trump;2
1572203558000;#jewish;warren;2
1572211160000;#jointforce;trump;4
1572205341000;#kurdes;trump;2
1572209716000;#latamerica19;trump;5
1572209091000;#legalimmigrants;trump;17
1572215347000;#lindseygraham;trump;2
1572211875000;#lodigosinanestresia;trump;5
1572208648000;#mariannewilliamson;election2020;2
1572209921000;#mattis;trump;2
1572204010000;#medicareforall;warren;3
1572204212000;#mnoallegadodepaz;trump;2
1572203970000;#montana;sanders;7
1572206397000;#mostknowledgeable;warren;3
1572211854000;#msnbcmoms;election2020;7
1572212639000;#musicartist;trump;2
1572207997000;#need;trump;11
1572215583000;#neverbernie;sanders;10
1572208615000;#not4me4us;election2020;4
1572211122000;#notmeus;sanders;109
1572206523000;#notmeus;trump;9
1572210462000;#notneus;sanders;3
1572215505000;#nra;trump;4
1572215052000;#opdeatheaters;trump;2
1572214778000;#p2;sanders;2
1572206517000;#panflute;trump;2
1572212537000;#pathologicalliar;trump;2
1572209561000;#pelosidems;trump;2
1572208855000;#politicalphotographer;warren;3
1572208885000;#politics;warren;3
1572203950000;#potus;trump;25
1572212639000;#producers;trump;2
1572213396000;#promisesmadepromiseskept;trump;22
1572216061000;#putinspuppet;trump;7
1572206985000;#putintrump2020;trump;9
1572205347000;#realdonaldtrump;trump;3
1572205426000;#resignnowtrump;trump;2
1572206590000;#robdrake;election2020;2
1572207478000;#russiagate;trump;7
1572212569000;#russian;trump;2
1572204179000;#russia;trump;8
1572210162000;#sanders2020;sanders;2
1572215789000;#satx;election2020;2
1572216384000;#signaletoncandidatlarem;election2020;2
1572210612000;#sondland;trump;2
1572212331000;#staged;trump;6
1572206893000;#success;trump;2
1572205171000;#sundaymotivation;election2020;4
1572204290000;#sundaythoughts;sanders;5
1572214778000;#tcot;sanders;2
1572215018000;#tds2019;trump;3
1572212198000;#teamwarren;warren;11
1572204992000;#tekno;trump;3
1572206263000;#thegreatawakening;trump;3
1572211459000;#traitorssupporttraitortrump;trump;12
1572211116000;#truepatriotsdontvotefortrump;trump;3
1572203871000;#trumpagenda;trump;2
1572206840000;#trumpbetrayedthekurds;trump;15
1572206772000;#trumpisadisgrace;trump;7
1572214557000;#trumpisatraitor;trump;2
1572211930000;#trumpisawarcriminal;trump;2
1572211871000;#trumpismypresident;trump;2
1572205420000;#trumpsarussianasset;trump;3
1572208986000;#trumpstagedfakenews;trump;2
1572212372000;#truthexposed;trump;2
1572215974000;#txlege;election2020;2
1572210972000;#tyt;election2020;7
1572213127000;#ukraineextortion;biden;3
1572212102000;#usa;election2020;2
1572204654000;#vagineck;trump;3
1572214795000;#west;election2020;2
1572203929000;#womenintech;trump;4
1572207356000;#worldseries2019;trump;8
1572205674000;#ypg;trump;4
1572207030000;#27oct;trump;55
1572205131000;#aging;election2020;2
1572215669000;#americafirst;trump;24
1572211370000;#america;trump;16
1572204502000;#amidoingthisright;trump;4
1572216339000;#amobernie;sanders;60
1572215138000;#amobernie;trump;2
1572209218000;#armscontrol;trump;4
1572208918000;#articles;trump;4
1572215735000;#attackdog;trump;2
1572208370000;#away;trump;11
1572214032000;#bidladen;trump;4
1572216740000;#blackmedia;warren;2
1572214820000;#brexit;election2020;6
1572210336000;#brianhouston;trump;6
1572212223000;#buildthewall;trump;107
1572214128000;#campaigncontribution;election2020;2
1572209489000;#cannabisnews;sanders;2
1572210526000;#daech;trump;2
1572210757000;#daeshcoward;trump;2
1572211420000;#deepstatecoup;election2020;6
1572206913000;#deletefacebook;election2020;6
1572206590000;#democrats;election2020;9
1572206730000;#democrats;sanders;5
1572204373000;#derangeddonald;trump;3
1572203815000;#ditchmitch2020;election2020;5
1572212615000;#donalddonniejrkushnerivanka;trump;3
1572207818000;#donaldjtrump;trump;2
1572206069000;#duhok;trump;3
1572210275000;#dummydonnie;trump;2
1572214128000;#election2020;election2020;106
1572210187000;#estadosunidos;trump;6
1572212844000;#expoaéreoven2019;trump;14
1572215087000;#factsmatter;trump;6
1572216226000;#fakenewsmedia;trump;6
1572209585000;#fakepresident;trump;11
1572205012000;#federaljobguarantee;election2020;5
1572214665000;#fionahill;election2020;2
1572203363000;#fourmoreyears;trump;2
1572205674000;#freeocalan;trump;2
1572210675000;#fuckingmoron;trump;2
1572212639000;#gkr;trump;2
1572207054000;#gopcomplicit;trump;2
1572214360000;#greatestpresidentever;trump;2
1572214693000;#greed;trump;2
1572205923000;#haberler;trump;2
1572205406000;#hero;trump;2
1572210342000;#hillaryclinton;trump;2
1572214032000;#idlib;trump;5
1572213180000;#impeachmenttaskforce;trump;14
1572215637000;#impeachment;trump;34
1572210991000;#impeach;trump;24
1572207207000;#isil;trump;4
1572205672000;#isissaviortrump;trump;2
1572205293000;#islam;trump;2
1572207181000;#kag2020landslidevictory;trump;9
1572211803000;#kag2020;trump;34
1572207812000;#kamalaharris;election2020;3
1572207173000;#kurdistan;trump;5
1572204519000;#kurds;trump;7
1572209198000;#m4a;sanders;3
1572213333000;#makeamericagreatagain;trump;2
1572214899000;#mediawarefare;trump;3
1572215093000;#mepolitics;election2020;2
1572215694000;#michigan;trump;3
1572212819000;#mort;trump;3
1572211477000;#moscowmitch;trump;4
1572206123000;#nomiddleground;sanders;6
1572205662000;#notabovethelaw;trump;93
1572211517000;#osamabinladen;trump;7
1572210997000;#patriotsfight;trump;2
1572214329000;#politicon2019;trump;5
1572214829000;#politicsnation;trump;30
1572206944000;#politics;trump;13
1572211312000;#presidenttrump;trump;4
1572203433000;#qanon;trump;8
1572213817000;#rashidatlaib;sanders;44
1572210102000;#robertreich;sanders;5
1572214680000;#seattle;trump;2
1572212158000;#seriemundial;trump;6
1572216270000;#smartest;warren;4
1572213026000;#specialforcesmissioncompled;trump;3
1572204559000;#staywoke;trump;2
1572204429000;#techno;election2020;3
1572204245000;#thatsright;trump;5
1572209435000;#theswamp;trump;2
1572205167000;#told;trump;4
1572214683000;#traitorinchief;trump;2
1572215242000;#traitortrump;trump;20
1572212239000;#trump2016;trump;2
1572213942000;#trumpcardcalling;trump;2
1572205277000;#trumploser;trump;2
1572206772000;#trumptaxreturns;trump;3
1572215196000;#trustme;trump;2
1572211621000;#twgrp;trump;4
1572212952000;#twitch;trump;2
1572212465000;#une;trump;2
1572205498000;#voteblueky;election2020;5
1572212784000;#warmongering;trump;3
1572213238000;#xxl;trump;2
1572205707000;#yang2020;trump;6
1572215411000;#27oct;election2020;2
1572204581000;#actualités;trump;2
1572208285000;#ados;election2020;2
1572215298000;#ados;sanders;16
1572205099000;#ados;warren;2
1572208455000;#albagdadi;trump;3
1572211320000;#america;election2020;2
1572208695000;#amreading;trump;2
1572203871000;#antisemite;sanders;2
1572216047000;#arielsarmy;trump;21
1572216810000;#bbcpapers;trump;4
1572214898000;#bernie2020;biden;4
1572216578000;#bernieinmi;sanders;18
1572204758000;#bernieinnh;sanders;2
1572209497000;#bordersecurity;trump;2
1572210394000;#boycottasda;sanders;3
1572210972000;#cbs;election2020;5
1572211589000;#climatechange;sanders;4
1572213070000;#clintons;trump;11
1572205274000;#cnn;election2020;9
1572206791000;#corruptgop;trump;2
1572215426000;#cowardinchief;trump;3
1572209140000;#deletefacebook;trump;2
1572209328000;#demsrsatan;trump;2
1572211671000;#dems;trump;10
1572208601000;#despicabledonald;trump;2
1572214562000;#donniebedbugs;trump;5
1572212675000;#donthecon;trump;2
1572214652000;#eeuu;trump;68
1572203928000;#facebook;trump;2
1572207235000;#fakenews;sanders;3
1572210024000;#fdt;trump;5
1572209909000;#fighttowin;election2020;10
1572212808000;#forthepeople;election2020;5
1572203788000;#fuckdonaldtrump;trump;6
1572212146000;#fucktrump;trump;3
1572211996000;#fuckyg;trump;6
1572216450000;#gitmo;trump;6
1572211666000;#globalist;trump;3
1572206358000;#goaxim;election2020;3
1572208639000;#godblesspotus45;trump;2
1572212920000;#goldcrackers;trump;2
1572206102000;#grimreaper;election2020;5
1572204938000;#harris2020;election2020;5
1572205680000;#hillsong;trump;166
1572208039000;#humanityfirst;trump;2
1572211726000;#icymi;trump;2
1572208683000;#idiotinchief;trump;3
1572208061000;#impeachandremovetrump;trump;2
1572212585000;#impeachtrumpmakingamerica;trump;2
1572212585000;#impeachtrumpobstructionjustice;trump;2
1572213028000;#imwithher;trump;3
1572207392000;#inevergraduatedcollege;trump;11
1572207084000;#iowa;trump;4
1572206796000;#irak;trump;3
1572208337000;#jeffreyepstein;trump;2
1572208209000;#jesusisking;trump;3
1572209014000;#joker;trump;2
1572207173000;#kirkuk;trump;3
1572211182000;#kurdsbetrayedbytrump;trump;5
1572215239000;#leadright;trump;4
1572205182000;#leaks;trump;4
1572213857000;#liar;trump;3
1572208920000;#lies;trump;8
1572207173000;#mahabad;trump;3
1572215432000;#medicareforall;sanders;23
1572216712000;#metoo;trump;2
1572205143000;#mobil;trump;3
1572211583000;#msnbc;sanders;2
1572211616000;#muellerreport;trump;4
1572213085000;#muslim;sanders;3
1572213648000;#narcissisticpersonalitydisorder;trump;2
1572212548000;#narcissist;trump;15
1572205143000;#notice;trump;6
1572208479000;#notmypresident;trump;2
1572206952000;#nullifytrump;trump;2
1572205535000;#obama;trump;316
1572215129000;#obl;trump;3
1572204029000;#obstructionist;election2020;10
1572210524000;#odu;sanders;2
1572206063000;#onevoice1;trump;11
1572211112000;#onlydeadmicetellnotales;trump;2
1572210951000;#opinion;trump;2
1572203621000;#patriot;trump;3
1572216709000;#photography;trump;3
1572216744000;#politics;election2020;2
1572211646000;#politique;election2020;27
1572212376000;#propagandashiftchange;trump;2
1572206038000;#q;trump;2
1572210612000;#quidproquo;trump;6
1572214215000;#rashidaendorsesbernie;sanders;12
1572216755000;#realitywinner;sanders;5
1572213333000;#redwave;trump;2
1572204968000;#republicansarerussianassets;trump;3
1572206128000;#republicans;election2020;4
1572208820000;#resisters;trump;55
1572215751000;#revolution;trump;3
1572212899000;#rt;trump;8
1572215347000;#southcarolina;trump;2
1572215022000;#sundaymorning;trump;37
1572204611000;#sweden;trump;3
1572214081000;#syrie;trump;17
1572211869000;#teamamy;trump;4
1572204992000;#teknoloji;trump;3
1572210492000;#theglobalresistance;trump;3
1572204436000;#traitors;trump;9
1572214563000;#transfonum;trump;4
1572211239000;#trump2020landslidevictory;trump;32
1572214817000;#trump2020;trump;285
1572213534000;#trumpcorruption;trump;2
1572204689000;#trumpcrimefamily;trump;9
1572214557000;#trumpfascism;trump;2
1572204463000;#trumpfascist;trump;6
1572205205000;#trumpimpeachment;trump;5
1572214524000;#trumpisamoron;trump;2
1572211854000;#trumpliesmatter;trump;3
1572211406000;#trumplies;trump;15
1572210726000;#trumpprotest;trump;2
1572206263000;#trumptrain;trump;4
1572209435000;#trusttrump;trump;2
1572207207000;#turkey;trump;5
1572205674000;#turquia;trump;2
1572212989000;#ukrainecollusion;biden;3
1572213326000;#ukrainecollusion;trump;18
1572208961000;#uspoli;trump;2
1572210394000;#walmart;sanders;3
1572205265000;#wapodeathnotices;sanders;2
1572216003000;#warren;trump;3
1572212569000;#washingtondc_hotel;trump;2
1572208139000;#washingtondc;trump;2
1572213629000;#wedeservebernie;sanders;2
1572216179000;#wewillwin;sanders;2
1572206509000;#winning;trump;19
1572215870000;#winwithwarren;warren;4
1572214309000;#yang2020;election2020;3
1572214419000;#youtubeandrewyang;trump;2
1572206359000;#zakho;trump;3
1572213883000;#بلومبيرج;trump;16
1572214680000;#911truth;trump;2
1572211854000;#abc;election2020;5
1572216145000;#abolishice;sanders;3
1572207799000;#alltexascannabis;biden;4
1572208743000;#amlo;trump;3
1572216426000;#amyforamerica;trump;3
1572214419000;#andrewyang;trump;2
1572206861000;#antiquesroadshow;trump;3
1572204787000;#auspol;trump;21
1572213602000;#bagdhadi;trump;3
1572215138000;#berniedetroit;trump;2
1572213924000;#bernieindetroit;sanders;221
1572209836000;#berniepb;sanders;16
1572210862000;#bernierocks;sanders;3
1572208377000;#berniesgoingtowin;trump;2
1572210491000;#binladen;trump;14
1572208018000;#brucespringsteen;trump;2
1572214197000;#canberrabubble;trump;2
1572210483000;#celebrityhunted;trump;6
1572211588000;#changethechannel;trump;3
1572209716000;#cia;trump;7
1572212017000;#cnn;trump;13
1572216750000;#creationniste;trump;5
1572205131000;#dearcandidate;election2020;2
1572205152000;#democratic;trump;4
1572208732000;#dnc;trump;7
1572210109000;#dumptrump;trump;5
1572205341000;#erdogan;trump;2
1572215188000;#fakenewsmedia;election2020;6
1572204986000;#feelthebern;sanders;26
1572206791000;#fightfor15;sanders;3
1572216786000;#firststepact;trump;2
1572207126000;#foxnewssunday;trump;2
1572207030000;#foxnews;warren;11
1572211588000;#getover2016;trump;7
1572204576000;#godblesspresidenttrump;trump;6
1572205921000;#golfing;trump;3
1572203749000;#goptaxscam;election2020;5
1572213086000;#gotnewscom;trump;2
1572211588000;#gulliblesheeple;trump;3
1572213288000;#hiphopradio;trump;2
1572207642000;#hollywood;trump;3
1572214098000;#housingforall;sanders;8
1572206872000;#humanrights;sanders;3
1572209074000;#impeached;trump;6
1572212994000;#impeachmentinquiry;election2020;4
1572216296000;#impeachtrumppencebarrpompeokavanaughmulvaney;trump;3
1572214256000;#impeachtrumppencebarr;trump;10
1572205065000;#internacional;trump;5
1572203527000;#international;trump;2
1572216168000;#isisleaderkilled;trump;2
1572210446000;#keepamericagreat;trump;5
1572205143000;#kept;trump;4
1572214452000;#kingtrump;trump;2
1572203424000;#leader;trump;3
1572205577000;#lizwarren;warren;6
1572209159000;#lockthemallup;trump;3
1572205540000;#maddow;election2020;7
1572212437000;#msm;trump;276
1572212870000;#msnbc;election2020;7
1572209118000;#mundialesld;trump;3
1572216129000;#mypresident;sanders;2
1572205012000;#nbc;election2020;5
1572205325000;#neverwarren;warren;7
1572206201000;#nhpolitics;trump;2
1572212144000;#onevoice1lgbtq;trump;2
1572211016000;#onewayoranother;trump;2
1572207419000;#p2;trump;8
1572205200000;#petebuttigieg;election2020;11
1572215462000;#piehole;trump;11
1572203653000;#plasticpelosi;trump;4
1572211913000;#politas;trump;3
1572211021000;#politicalrevolution;election2020;43
1572207598000;#predator;trump;3
1572210531000;#president;trump;2
1572215505000;#prolife;trump;2
1572208422000;#putinsgop;trump;2
1572205167000;#raid;trump;6
1572205639000;#restartmiga;trump;3
1572205672000;#riseup4rojava;trump;2
1572206489000;#russianasset;trump;3
1572213139000;#sanders;trump;2
1572203810000;#special;trump;3
1572205843000;#spookylgbtq;trump;2
1572215015000;#sundayevening;trump;5
1572209702000;#sunday;trump;3
1572204980000;#terrorism;trump;4
1572215974000;#texodus;election2020;2
1572205794000;#theresistance;trump;12
1572209128000;#thesepeoplearestupid;trump;2
1572206676000;#tomorrowspaperstoday;trump;3
1572204358000;#trumpbetrayedourallies;trump;8
1572208794000;#trumpderangementsyndrome;trump;3
1572210468000;#trumpgenocide;trump;5
1572209155000;#trumpgreatestthreattoamerica;trump;3
1572206371000;#trumpisisusesinternetbetterworlddonaldtrump;trump;3
1572206772000;#trumpmeltdown;trump;5
1572211384000;#trumpresign;trump;2
1572214308000;#trump;trump;671
1572205843000;#trumpvideo;trump;3
1572205540000;#tytlive;election2020;7
1572210886000;#usa;trump;46
1572206913000;#veterans;trump;3
1572208918000;#voteblue;warren;3
1572214400000;#wakeupamerica;sanders;2
1572209213000;#washington;trump;2
1572212590000;#winningwithtrump;trump;22
1572213228000;#wwg1wga;trump;11
1572209560000;#yanggang;election2020;17
1572211604000;#yanggang;trump;8
1572208420000;#أعطى;trump;16
1572207237000;#سوریا;trump;3
1572209293000;#مقتل_البغدادي;trump;2
1572214419000;#2020election;trump;5
1572208462000;#adamschiff;trump;2
1572205428000;#admits;trump;6
1572215540000;#albaghdadi;election2020;7
1572209465000;#allroadsseemtoleadtoputin;election2020;2
1572212372000;#amazon;trump;2
1572213391000;#americans;trump;4
1572214497000;#antifa;trump;3
1572208009000;#assest;trump;11
1572211761000;#atención;trump;7
1572203735000;#bagdadi;trump;19
1572216193000;#bbnaija;trump;2
1572206893000;#beatmakers;trump;2
1572206893000;#beats;trump;2
1572206298000;#benedictcollege;warren;2
1572216098000;#berniedetroit;sanders;12
1572215138000;#berniesanders;trump;14
1572216098000;#berniesquad;sanders;66
1572214693000;#bernie;trump;2
1572209229000;#bestpresidentever;trump;2
1572206069000;#bokan;trump;3
1572213676000;#bolton;election2020;2
1572214295000;#breadlinebernie;trump;2
1572211420000;#britishindependence;election2020;6
1572208263000;#bs;trump;2
1572205588000;#california;trump;8
1572208341000;#censure;trump;2
1572208855000;#chicagopolitics;warren;3
1572207553000;#chriswallace;trump;3
1572211644000;#collegeforall;sanders;8
1572213208000;#congratulations;trump;2
1572210623000;#countryoverparty;trump;3
1572205618000;#cowardtrump;trump;2
1572208880000;#cyclist;trump;2
1572211708000;#damaged;trump;11
1572203620000;#dangerous;trump;3
1572205152000;#dark;trump;4
1572216270000;#democraticcandidate;warren;3
1572210447000;#disturbing;trump;3
1572211970000;#dotard;trump;3
1572206283000;#elaboubakralbaghdadi;trump;5
1572212866000;#eleccionesargentina;trump;2
1572212473000;#election2020;trump;22
1572213976000;#election;trump;2
1572209362000;#elizabethwarren;trump;8
1572213460000;#factcheck;trump;3
1572209809000;#fitn;trump;3
1572211884000;#foxnews;trump;5
1572203941000;#fplus;trump;3
1572205143000;#give;trump;6
1572209362000;#globalists;trump;2
1572206069000;#halabja;trump;3
1572209230000;#happydeepavali;trump;5
1572207526000;#happydiwali;trump;3
1572211854000;#healthinsurance;election2020;5
1572210354000;#helena;sanders;18
1572208093000;#hillary;trump;16
1572209665000;#impeachandremove;trump;20
1572203640000;#impeachdonaldtrumpnow;trump;21
1572209159000;#impeachmenttaskforcerises;trump;5
1572215040000;#impeachtrumpdestroying;trump;2
1572208473000;#impeachtrumpnow;trump;20
1572214227000;#impeachtrumppencebarrpompeo;trump;5
1572207511000;#islamicstate;trump;4
1572212209000;#jackwhite;sanders;9
1572204103000;#jamescomey;trump;3
1572206102000;#kentucky;election2020;19
1572206110000;#kysen;election2020;14
1572211646000;#larem;election2020;30
1572209975000;#liberalhypocrisy;trump;3
1572210750000;#liberallogic;trump;3
1572204578000;#lulaassassino;trump;2
1572212376000;#lyingtoamericans;trump;3
1572208437000;#macronie;election2020;3
1572208397000;#madina;election2020;2
1572208713000;#maga2020;trump;24
1572204475000;#mediabias;sanders;2
1572212005000;#medicareforall;election2020;15
1572205248000;#mundo;trump;15
1572212748000;#myberniestory;sanders;2
1572208263000;#natesilver;trump;2
1572206634000;#nationals;trump;2
1572216340000;#nats;election2020;7
1572211604000;#neverbiden;trump;2
1572203842000;#nevertrumper;trump;3
1572206914000;#newpoll;trump;2
1572216248000;#nhforbernie;sanders;3
1572209918000;#nomiddleground;trump;5
1572204494000;#not;trump;6
1572215742000;#oann;sanders;12
1572205588000;#onepartyrule;trump;3
1572209302000;#patriots;trump;67
1572205176000;#payattentionamerica;trump;2
1572215155000;#pedowood;election2020;35
1572209504000;#petebuttigieg;biden;2
1572207985000;#pizzagate;trump;2
1572212300000;#policebrutality;sanders;2
1572203774000;#putin;election2020;2
1572214704000;#rashidaendorsesbernie;trump;2
1572215391000;#republicans;trump;8
1572205498000;#republican;trump;2
1572206509000;#resign;trump;2
1572212807000;#retweet;trump;27
1572208191000;#ripgop;trump;2
1572205152000;#russians;trump;4
1572213581000;#sadopopulism;trump;2
1572206069000;#slemani;trump;3
1572211762000;#snl;trump;13
1572205507000;#socialist;trump;2
1572205012000;#sundaythoughts;election2020;5
1572214129000;#taggngo;election2020;2
1572203838000;#tampa;trump;3
1572211710000;#tcot;trump;5
1572203633000;#tds;trump;4
1572207799000;#texascannabisadvocate;biden;4
1572211610000;#tpp;trump;2
1572215031000;#treason;trump;2
1572208601000;#trumpbetrayedkurds;trump;7
1572215237000;#trumppence2020;trump;2
1572205277000;#trumprapist;trump;2
1572205860000;#trumptraitor;trump;5
1572212571000;#trumpwarcrimes;trump;3
1572213462000;#trumpwasgolfing;trump;2
1572210972000;#tytarmy;election2020;7
1572211583000;#tytarmy;sanders;2
1572213452000;#ukrainebiden;trump;18
1572211788000;#unionsforall;sanders;8
1572206876000;#unionstrong;sanders;3
1572209184000;#update;trump;2
1572211126000;#urgent;trump;2
1572214603000;#votered;trump;4
1572216716000;#warren2020;warren;17
1572211527000;#watch;trump;242
1572212099000;#weneedsuperviralattackagainsttrumpdick;trump;2
1572207322000;#whitehouse;trump;143
1572206523000;#yanggang2020;trump;2
1572203731000;#yanggang;sanders;7
1572210394000;#étatsunis;trump;3
1572212431000;#बगदादी;trump;24
1572211313000;#2020departmentofcorrections;trump;3
1572205792000;#45potus;trump;11
1572203627000;#aboubakralbaghdadi;trump;4
1572212673000;#abubakralbagdadi;trump;2
1572203862000;#albaghdadi;sanders;3
1572206489000;#baghdadikilled;trump;19
1572204529000;#baghdadi;trump;759
1572211947000;#baghdadiَ;trump;13
1572211112000;#bashtrumpinthegonads;trump;2
1572210852000;#benladden;trump;4
1572213128000;#bernie2020;trump;24
1572210040000;#bernieindetroit;trump;32
1572215474000;#berniesanders2020;sanders;6
1572214768000;#berniesanders;biden;2
1572216145000;#berniesback;sanders;30
1572211392000;#breakingnews;trump;4
1572214128000;#builtincrm;election2020;2
1572208747000;#ccot;trump;2
1572211758000;#childrenincages;trump;3
1572204203000;#cltv;trump;14
1572205167000;#congressionalleaders;trump;6
1572208900000;#conspiratorium;election2020;5
1572216011000;#constitution;trump;3
1572211194000;#corruptscum;trump;3
1572208600000;#deepavali;trump;2
1572214820000;#deepstatecorruption;election2020;6
1572212621000;#demsseditiousleakers;trump;3
1572210520000;#derecha;trump;45
1572205791000;#draintheswamp;trump;17
1572212190000;#durhaminvestigation;trump;2
1572215490000;#elizabethwarren;warren;17
1572214810000;#enough;trump;4
1572211550000;#equalitytownhall;warren;3
1572206069000;#erbil;trump;3
1572204156000;#erdogan;election2020;2
1572213818000;#fail;trump;4
1572210333000;#fakenews;trump;42
1572215996000;#fbi;trump;3
1572203760000;#feelthebern2020;sanders;3
1572214704000;#feelthebern;trump;3
1572209080000;#finishthewall;trump;16
1572207126000;#foxandfriends;trump;3
1572212958000;#foxnews;sanders;2
1572212099000;#freedomgroupnews;trump;2
1572211452000;#frexit;election2020;6
1572210757000;#fuckisis;trump;2
1572212561000;#hoaxanddreams;trump;2
1572205261000;#housingcrisis;election2020;5
1572204445000;#iapolitics;trump;2
1572209174000;#icantbewithsomeonewho;trump;24
1572211285000;#impeachdonaldjtrump;trump;3
1572209086000;#impeachmenttrial;trump;3
1572212585000;#impeachtrumpabuseofpower;trump;2
1572215629000;#internacionales;trump;3
1572216626000;#joebiden;biden;3
1572213817000;#jointhemovement;sanders;7
1572213050000;#keepingamericasafe;trump;2
1572210834000;#keeptexasred;trump;4
1572204447000;#kurdishallies;trump;2
1572203774000;#kurdsgenocide;election2020;2
1572205182000;#leaders;trump;4
1572216128000;#legalizeit;sanders;2
1572203589000;#liarinchief;trump;28
1572206607000;#liberals;trump;2
1572212639000;#life;trump;3
1572212981000;#loser;trump;3
1572207119000;#macron;election2020;5
1572205895000;#marijuana;sanders;2
1572206675000;#math;trump;2
1572209578000;#middleeast;trump;2
1572215838000;#mikepence;trump;3
1572212639000;#music;trump;2
1572214845000;#muslimsforbernie;sanders;34
1572215475000;#nationalspark;trump;2
1572208444000;#natsec;trump;4
1572211604000;#neverwarren;trump;3
1572204606000;#news;trump;28
1572204758000;#nh;sanders;2
1572209088000;#noonedumberthanme;trump;5
1572203535000;#notmeus;biden;2
1572211016000;#onelessmonster;trump;2
1572210833000;#ourrevolution;sanders;2
1572216790000;#pelosi;trump;5
1572212418000;#pennsylvania;election2020;2
1572204050000;#poll;trump;2
1572210903000;#potus45;trump;4
1572213127000;#promisesmadepromiseskept;biden;2
1572211116000;#putinspuppettrump;trump;3
1572215771000;#quidproquotrumpsgottago;trump;2
1572211604000;#rashidatlaib;trump;4
1572205860000;#reality;trump;2
1572206944000;#redwavecoming;trump;2
1572212670000;#sanders;sanders;4
1572204632000;#sarahhuckabeesandersknocksmittromneyscriticismdonaldtrump;trump;3
1572216698000;#siria;trump;12
1572215732000;#socialismkills;trump;2
1572208277000;#socialistas;trump;2
1572203513000;#stopthecoup;trump;20
1572207173000;#sulaymaniyah;trump;3
1572211854000;#sundaymorning;election2020;3
1572213738000;#sundaymotivation;sanders;4
1572212345000;#sundaythoughts;trump;66
1572204749000;#therealhu;trump;2
1572213047000;#tlot;trump;2
1572204471000;#tolerance;trump;2
1572203838000;#traitor;trump;5
1572209578000;#trumpconman;trump;2
1572209702000;#trumpisaliar;trump;3
1572204421000;#trumpisanationalsecuritythreat;trump;2
1572206791000;#trumpisunfit;trump;2
1572213292000;#trumpsforeignpolicyrules;trump;3
1572212571000;#trumptreason;trump;5
1572204902000;#twitler;trump;3
1572213127000;#ukrainebiden;biden;2
1572214551000;#ukraineextortion;trump;18
1572209978000;#urgente;trump;2
1572203359000;#uspolitics;trump;8
1572208422000;#veteransagainsttrump;trump;4
1572213646000;#wakeupamerica;trump;2
1572214333000;#wapo;trump;192
1572216187000;#warondrugs;sanders;3
1572204093000;#wearethenewsnow;trump;4
1572215992000;#whenweareinthewhitehouse;sanders;2
1572212266000;#worldseries;trump;12
1572212286000;#zelensky;trump;2
1572211610000;#2a;trump;2
1572212339000;#ahora;trump;138
1572207546000;#al;trump;140
1572214024000;#bernie2020;sanders;347
1572211836000;#bernieblackout;sanders;50
1572204871000;#bernierally;sanders;2
1572211604000;#berniesanders2020;trump;3
1572210633000;#bestpresidentever45;trump;4
1572216052000;#blacklivesmatter;sanders;4
1572210997000;#blexit;trump;6
1572209371000;#bonespurs;trump;3
1572214113000;#breaking;election2020;15
1572216390000;#breaking;sanders;4
1572214236000;#breaking;trump;145
1572215426000;#cadetbonespurs;trump;7
1572215485000;#climatechange;trump;2
1572206552000;#clinton;trump;2
1572205012000;#cnnsotu;election2020;7
1572216513000;#comey;trump;3
1572213315000;#credit;trump;2
1572215901000;#criminaljusticeforum;election2020;2
1572205179000;#debate;trump;8
1572210446000;#deepstatecorruption;trump;2
1572213137000;#demscantbetrusted;trump;2
1572206109000;#diwali;election2020;11
1572209561000;#doj;trump;2
1572205249000;#ei;trump;3
1572205492000;#election2020;sanders;8
1572213475000;#elections;election2020;2
1572214055000;#enemyofthepeople;trump;391
1572205221000;#eua;trump;7
1572205985000;#facts;trump;4
1572214732000;#fake;trump;2
1572216740000;#firstthem;warren;2
1572209103000;#fortherichbytherich;election2020;4
1572211112000;#fucktrumpfucktrumpfucktrump;trump;2
1572206509000;#genius;trump;2
1572207446000;#houston;trump;4
1572215805000;#impeach45;trump;19
1572204723000;#impeachmentiscoming;trump;13
1572212184000;#impeachnow;trump;5
1572208218000;#impeachthehimpeach;trump;11
1572215040000;#impeachtrumpemolumemtsclause;trump;2
1572209578000;#iraq;trump;4
1572214511000;#isisdonald;trump;54
1572213534000;#isis;trump;122
1572210184000;#istandwithtrump;trump;4
1572211429000;#jaderkushner;trump;2
1572216168000;#k9;trump;2
1572210543000;#kurdishgenocide;trump;3
1572203815000;#kypolitics;election2020;5
1572212228000;#liberalismisamentaldisorder;trump;8
1572208408000;#livestream;election2020;5
1572207681000;#loúltimopld;trump;2
1572203700000;#marijuananews;sanders;2
1572212229000;#mitchmcconnell;trump;2
1572209217000;#msnbc;trump;3
1572216367000;#newnormal;trump;2
1572216450000;#newzealand;trump;4
1572216248000;#nhpolitics;sanders;5
1572216698000;#noticias;trump;2
1572203905000;#opporesearch;warren;2
1572207392000;#pass;sanders;3
1572214799000;#photoops;trump;3
1572205962000;#political;trump;3
1572216545000;#potstocks;sanders;2
1572214026000;#presidentberniesanders;sanders;2
1572212149000;#propaganda;trump;2
1572209986000;#putin;trump;3
1572205639000;#restart_opposition;trump;4
1572208692000;#rico;trump;2
1572205207000;#robertmueller;trump;2
1572215735000;#robot;trump;2
1572209748000;#saidaboutyang;election2020;10
1572204280000;#scottmorrison;trump;24
1572211238000;#semanarenova;trump;7
1572207682000;#sepaque;trump;2
1572213009000;#situationroom;trump;2
1572216810000;#skypapers;trump;4
1572209362000;#soros;trump;5
1572216168000;#specialforces;trump;2
1572211420000;#spygate;election2020;7
1572216134000;#standwithbenedict;trump;2
1572203451000;#standwithtrump;trump;3
1572207624000;#termlimits;trump;2
1572209146000;#theprojecttv;trump;10
1572210959000;#thesepeoplearesick;trump;3
1572213897000;#traidor;trump;2
1572204653000;#trumpcrimefamilyforprison;trump;3
1572216281000;#trumpisafraud;trump;4
1572216422000;#trumplandslidevictory2020;trump;2
1572216713000;#trumplieseverytimehespeaks;trump;13
1572205277000;#trumpresigns;trump;2
1572213466000;#trumpscum;trump;2
1572211595000;#trumpsycophants;trump;5
1572213509000;#truth;trump;11
1572214551000;#ukrainegate;trump;22
1572210414000;#unfitforoffice;trump;3
1572211116000;#unomásunonoticias;trump;2
1572210803000;#wegothim;trump;9
1572204245000;#wethepeople;trump;14
1572207572000;#whartonisadiplomamill;trump;7
1572203928000;#zuckerberg;trump;3
1572209889000;#étatislamique;trump;5
1572213883000;#حاجة;trump;16
